{"cameraMode":{"drawMode":0,"name":"Shaded","section":"Shading Mode"},"sceneLighting":true,"audioPlay":false,"sceneViewState":{"showFog":true,"showMaterialUpdate":false,"showSkybox":true,"showFlares":true,"showImageEffects":true,"showParticleSystems":true},"in2DMode":false,"pivot":{"x":41.90290069580078,"y":-0.3776817321777344,"z":125.33772277832031},"rotation":{"x":0.07636252045631409,"y":0.2468142956495285,"z":-0.019513584673404695,"w":0.9658547043800354},"size":209.49746704101563,"orthographic":false}