{"cameraMode":{"drawMode":0,"name":"Shaded","section":"Shading Mode"},"sceneLighting":true,"audioPlay":false,"sceneViewState":{"showFog":false,"showMaterialUpdate":false,"showSkybox":false,"showFlares":false,"showImageEffects":false,"showParticleSystems":false},"in2DMode":false,"pivot":{"x":-1.089217185974121,"y":5.581886291503906,"z":2.2120361328125},"rotation":{"x":0.10721337050199509,"y":-0.10271337628364563,"z":0.011136374436318875,"w":0.9888535737991333},"size":43.196998596191409,"orthographic":false}