{"cameraMode":{"drawMode":0,"name":"Shaded","section":"Shading Mode"},"sceneLighting":false,"audioPlay":false,"sceneViewState":{"showFog":true,"showMaterialUpdate":false,"showSkybox":false,"showFlares":true,"showImageEffects":true,"showParticleSystems":true},"in2DMode":false,"pivot":{"x":12.059395790100098,"y":10.914288520812989,"z":1.6317222118377686},"rotation":{"x":0.02896798960864544,"y":-0.2593790590763092,"z":0.007783707696944475,"w":0.9653096199035645},"size":2.4578912258148195,"orthographic":false}